PARCEL_ID,PARCEL_ID_FROM_ADDRESS,PARCEL_ID_FROM_GEOMETRY,LISTING_ID,LATITUDE,LONGITUDE,ADDRESS,ZIP_CODE,PRICE,IS_VACANT
0104L00225000000,0104L00225000000,0104L00225000000,26066065,40.41702,-80.089863,600 N Bell Ave,15106,18.25,False
0175E00105000000,0175E00105000000,0175E00105000000,33582754,40.44893,-79.895449,7514 Thomas Blvd,15208,29.5,False
0175F00038000000,0175F00038000000,0175F00038000000,33582755,40.448506,-79.894666,201 N Braddock Ave,15208,19.0,False
0100D00170000000,0100D00170000000,0100D00170000000,17649270,40.392377,-80.069806,2090 Greentree Rd,15220,,False
0104L00050000000,0104L00050000000,0104L00050000000,26066070,40.41654,-80.087281,500 N Bell Ave,15106,,False
0002E00001000000,0002E00001000000,0002E00001000000,27246276,40.440472,-79.998796,351-355 5th Ave,15222,,False
0002B00051000000,0002B00051000000,0002B00051000000,27925106,40.441414,-79.994705,600 Grant St,15219,35.0,False
0001D00268000000,,0001D00268000000,21177231,40.440772,-80.001727,219 Forbes Ave,15222,,False
0669C00088000000,0669C00088000000,0669C00088000000,33622780,40.316175,-80.088417,2555 Washington Rd,15241,21.5,False
0141K00213000000,0141K00213000000,0141K00213000000,30064824,40.379152,-80.044958,731-733 Washington Rd,15228,22.0,False
0070N00120000002,0070N00120000002,0070N00120000002,5611727,40.445057,-80.080523,2260-2270 Roswell Dr,15205,8.95,False
0001H00334000000,,0001H00334000000,23281620,40.438934,-80.000642,322 Fourth Ave,15222,,False
0001H00185000000,,0001H00185000000,23281617,40.439798,-80.001754,235-239 4th Ave,15222,16.0,False
0264C00065000000,0264C00065000000,0264C00065000000,33677181,40.433579,-80.139516,200 Business Center Dr,15205,,False
0038A00085000000,0038A00085000000,0038A00085000000,37000081,40.421976,-80.063976,730 Holiday Dr,15220,13.5,False
0002M00027000000,0002M00027000000,0002M00027000000,36771118,40.437901,-79.98533,1425 Forbes Ave,15219,22.5,False
0038A00075000000,0038A00075000000,0038A00075000000,38917590,40.422975,-80.064024,750 Holiday Dr,15220,12.0,False
0177H00210000000,0177H00210000000,0177H00210000000,38856011,40.430352,-79.884003,251 Edgewood Ave,15218,13.715,False
0009L00070000000,0009L00070000000,0009L00070000000,38694818,40.446318,-79.990899,1200-1350 Penn Ave,15222,19.0,False
0012R00018000000,0012R00018000000,0012R00018000000,38691261,40.425807,-79.970424,2500 Jane St,15203,15.0,False
0255J00218000000,0255J00218000000,0255J00225000000,38582165,40.358721,-80.112434,456 Washington Ave,15017,16.0,False
0088F00046000000,,0088F00046000000,38554006,40.420529,-79.928362,4351 Murray Ave,15217,18.0,False
0067K00012000000,0067K00012000000,0067K00012000000,38491715,40.418053,-80.074642,27 Gary St,15106,12.5,False
0142H00062000000,0142H00062000000,0142H00062000000,38487131,40.380307,-80.052938,300 Cedar Blvd,15228,13.0,False
0567B00186000000,0567B00186000000,0567B00186000000,38450371,40.325277,-80.044031,3046 Industrial Blvd,15102,17.7,False
0130R00138000000,0130R00138000000,0130P00366000000,38434174,40.404862,-79.907774,221 E 12th Ave,15120,20.0,False
0098G00194000000,,0098G00194000000,38408685,40.390928,-80.03916,3109 W Liberty Ave,15216,7.0,False
0743K00164000000,0743K00164000000,0743K00149000000,38351981,40.436283,-79.777236,3948 Monroeville Blvd,15146,14.89,False
0178G00270000000,0178G00270000000,0178G00270000000,38319540,40.420161,-79.888202,7424 Washington Ave,15218,40.31,False
0087G00121000000,0087G00121000000,0087G00121000000,38227465,40.428953,-79.921224,6300 Forward Ave,15217,13.45,False
0175S00401000000,0175S00401000000,0175S00401000000,38199298,40.443511,-79.884643,700-706 Penn Ave,15221,15.0,False
0028R00048000000,,0028R00048000000,38169051,40.434325,-79.954315,3600 Boulevard Of The Allies,15213,12.0,False
0012E00382000000,0012E00382000000,0012E00382000000,38143579,40.428715,-79.982244,1610 E Carson St,15203,20.66,False
0176D00129000000,0176D00129000000,0176D00129000000,38139315,40.44154,-79.885772,710 Wood St,15221,11.0,False
0001H00351000000,,0001H00351000000,37902801,40.438514,-79.99997,309 Smithfield St,15222,18.0,False
0098K00124000000,0098K00124000000,0098K00124000000,37896485,40.388292,-80.043343,246 Washington Rd,15216,23.0,False
0388G00138000000,0388G00138000000,0388G00138000000,37837795,40.342829,-79.955524,400 Regis Ave,15236,17.5,False
1242F00326000000,,1242F00326000000,37837104,40.449315,-79.712166,600-630 Plum Industrial Ct,15239,8.5,False
0002A00016000000,0002A00016000000,0002A00016000000,37785669,40.442412,-79.998929,610 Wood St,15222,13.0,False
0009N00058000000,0009N00058000000,0009N00058000000,37770713,40.443257,-79.997579,915 Liberty Ave,15222,19.5,False
0130K00314000000,,0130K00314000000,37704821,40.406971,-79.909512,221-223 E 9th Ave,15120,8.25,False
0001C00167000001,,0001C00167000001,37651677,40.44293,-80.005563,420 Fort Duquesne Blvd,15222,12.0,False
0001C00167000001,,0001C00167000001,37650961,40.44293,-80.005563,420 Fort Duquesne Blvd,15222,,False
0028R00172000000,,0028R00172000000,37538245,40.434571,-79.955405,3528 Boulevard of the Allies,15213,18.0,False
0130K00137000000,0130K00137000000,0130K00137000000,37463268,40.408722,-79.909724,609 Ann St,15120,23.64,False
0003L00268000000,0003L00268000000,0003L00268000000,37230803,40.427748,-79.989237,900 Sarah St,15203,,False
0002N00040000000,,0002N00040000000,37029311,40.435573,-79.995414,643 1st Ave,15219,13.0,False
0067N00075000000,0067N00075000000,0067N00075000000,36916260,40.414914,-80.080988,785 Arch St,15106,5.5,False
0012E00367000000,0012E00367000000,0012E00367000000,36812128,40.428564,-79.980922,1732 E Carson St,15203,18.46,False
0639L00024000000,,0639L00024000000,36683746,40.427083,-79.78786,2526 Monroeville Blvd,15146,16.0,False
0107R00041000000,0107R00041000000,0107R00040000000,36630894,40.442889,-80.086341,519 Napor Blvd,15205,10.0,False
0030L00076000000,,0030L00076000000,36577421,40.418639,-79.955497,3700 S Water St,15203,14.5,False
0002J00244000000,0002J00244000000,0002J00244000000,36561271,40.436129,-79.997064,100 Ross St,15219,16.95,False
0052J00167000000,0052J00167000000,0052J00169000000,36516024,40.446047,-79.948673,209 S Craig St,15213,27.78,False
0011J00277000000,,0011J00277000000,36356254,40.436137,-79.980434,1825 Boulevard of the Allies,15219,12.0,False
0312P00013000000,0312P00013000000,0312P00013000000,36217179,40.346812,-79.940166,7025 Clairton Rd,15122,16.0,False
0066D00060000000,0066D00060000000,0066D00060000000,36008550,40.412958,-80.066888,750 Trumbull Dr,15205,9.0,False
0763K00106000000,0763K00106000000,0763K00134000000,35920878,40.300488,-79.875877,206 State St,15025,10.0,False
0035N00268000000,,0035N00268000000,35891024,40.404458,-80.030418,2114-2118 Broadway Ave,15216,12.37,False
0666S00020000000,0666S00020000000,0666S00020000000,35846813,40.308735,-80.033296,5850 Library Rd,15102,15.0,False
0009N00050000000,0009N00050000000,0009N00050000000,35786182,40.44345,-79.997029,929 Liberty Ave,15222,16.5,False
0011F00160000000,,0011F00160000000,35587129,40.43837,-79.974737,2122-2139 5th Ave,15219,7.5,False
0038G00150000001,0038G00150000001,0038G00150000001,35216592,40.421278,-80.054995,400 Holiday Dr,15220,26.0,False
0147M00006000000,0147M00006000000,0147M00006000000,34998413,40.399389,-80.1008,29 Noblestown Rd,15106,21.0,False
0002E00128000000,0002E00128000000,0002E00128000000,34965802,40.438521,-79.998357,429 Fourth Ave,15219,21.0,False
0012K00251000000,0012K00251000000,,34918661,40.426855,-79.977615,133 S 20th St,15203,12.0,False
0008G00129000000,,0008G00129000000,34699507,40.448109,-80.003898,110-140 Federal St,15212,22.0,False
0317G00300000000,0317G00300000000,0317G00300000000,34465329,40.350722,-80.020998,150 Hillside Dr,15102,10.0,False
0038A00075000000,0038A00075000000,0038A00075000000,34346207,40.422975,-80.064024,750 Holiday Dr,15220,22.0,False
0264B00199000000,0264B00199000000,0264B00199000000,34297811,40.431526,-80.140786,600 Boyce Rd,15205,14.0,False
0373N00208000000,0373N00208000000,0373N00208000000,34111827,40.414313,-79.848678,103 Yost Blvd,15221,12.0,False
0475C00200000000,0475C00200000000,0475C00200000000,34111437,40.334373,-80.023085,5187 Library Rd,15102,17.0,False
0027H00194000000,0027H00194000000,0027H00194000000,34049555,40.449195,-79.950461,155 N Craig St,15213,18.0,False
0196R00004000000,0196R00004000000,0196R00004000000,33637721,40.366061,-80.106422,1020 Washington Pike,15017,25.2,False
0175E00108000000,0175E00108000000,0175E00108000000,33565517,40.447968,-79.895825,7501 Penn Ave,15208,12.5,False
0012K00014000000,0012K00014000000,0012K00014000000,33408974,40.428434,-79.977501,2000 E Carson St,15203,14.25,False
0012E00329000000,0012E00329000000,0012E00329000000,33331066,40.428909,-79.979797,1817 E Carson St,15203,17.5,False
0373N00282000000,0373N00282000000,0373N00282000000,33232242,40.415124,-79.847567,2400 Ardmore Blvd,15221,11.0,False
0006M00312117800,0006M00312117800,0006M00312A15400,33124044,40.438147,-80.019935,1301 Grandview Ave,15211,8.0,False
0001D00184000000,0001D00184000000,0001D00184000000,32876830,40.441803,-80.001432,606 Liberty Ave,15222,,False
0004G00141000000,0004G00141000000,0004G00141000000,32821694,40.428839,-80.00615,55 Wyoming St,15211,16.5,False
0645G00340000000,0645G00340000000,0645D00101000000,32770852,40.372117,-79.785813,1701 Lincoln Hwy,15137,16.0,False
0001H00338000000,0001H00338000000,0001H00338000000,32719015,40.438661,-80.000385,336 Fourth Ave,15222,16.0,False
0104M00060000000,0104M00060000000,0104M00060000000,32442456,40.416426,-80.084195,108 Rosslyn Rd,15106,11.95,False
0130N00319000000,0130N00319000000,0130N00319000000,31892148,40.405632,-79.913183,133 W 8th Ave,15120,9.97,False
0317P00274000C00,0317P00274000C00,0317P00274000D00,31740167,40.347031,-80.027521,4880 Library Rd,15102,15.0,False
0855N00254000000,0855N00254000000,0855N00254000000,31658412,40.445211,-79.764866,4400 Old William Penn Hwy,15146,28.380000000000003,False
0477N00136000000,0477N00136000000,0477N00136000000,31524147,40.326501,-80.064227,101 Drake Rd,15241,21.0,False
0008K00030000000,0008K00030000000,0008K00030000000,31523835,40.44626,-80.007891,225 North Shore Dr,15212,34.5,False
0878C00059000000,,0878C00059000000,31391927,40.296658,-79.874432,296 State St,15025,10.0,False
0142D00254000000,0142D00254000000,0142D00254000000,30829346,40.383055,-80.052796,460 Cochran Rd,15228,18.0,False
0028J00191000000,0028J00191000000,0028J00191000000,30645205,40.436291,-79.96508,3109 Forbes Ave,15213,25.0,False
0004C00177000000,0004C00177000000,0001R00020000000,30515383,40.433848,-80.004321,125 W Station Square Dr,15219,18.5,False
0175R00186000100,0175R00186000100,0175R00186000100,30402724,40.444492,-79.890424,901-907 West St,15221,19.5,False
0388C00025000000,0388C00025000000,0388C00025000000,30318306,40.344695,-79.953183,800 Regis Ave,15236,19.75,False
1243A00053000000,1243A00053000000,1243A00053000000,30139970,40.442807,-79.712552,1740 Golden Mile Hwy,15146,23.5,False
0317N00015000000,0317N00015000000,0317N00015000000,29989639,40.345805,-80.028647,2311 Bethel Church Rd,15102,17.5,False
0750J00245000000,0750J00245000000,0750J00245000000,29941344,40.369695,-79.782736,1751 Lincoln Hwy,15137,16.0,False
0551R00185000000,,0551R00185000000,29498369,40.336728,-79.805049,2001-203 Lincoln Way,15131,24.5,False
0012M00008000000,0012M00008000000,0012M00008000000,28851492,40.428135,-79.969798,2429 E Carson St,15203,16.25,False
0690H00006000000,0690H00006000000,0690H00006000000,28627390,40.439306,-80.218753,7851-7867 Steubenville Pike,15071,17.05,False
0087C00088000000,0087C00088000000,0087C00088000000,28543777,40.431889,-79.92333,2212 Murray Ave,15217,26.77,False
0017E00164000000,0017E00164000000,0017E00164000000,28540629,40.420438,-80.046756,950 Greentree Rd,15220,15.0,False
0103L00092000000,0103L00092000000,0103L00092000000,27818375,40.406932,-80.087114,20 E Main St,15106,22.0,False
0086L00224000000,0086L00224000000,0086L00224000000,27113610,40.436193,-79.923028,1824 Murray Ave,15217,21.16,False
0856K00097000000,0856K00097000000,0856K00095000000,27076860,40.437521,-79.757531,2790 Mosside Blvd,15146,22.0,False
0237D00360000000,0237D00360000000,0237D00360000000,26446150,40.404223,-79.869555,501 Braddock Ave,15104,15.0,False
0319R00046000000,0319R00046000000,0319R00046000000,25950232,40.346333,-80.053708,180 Fort Couch Rd,15241,24.5,False
0192L00020000000,0192L00020000000,0192L00020000000,25273658,40.36801,-80.036941,250 Mt Lebanon Blvd,15234,18.5,False
0001H00030000000,0001H00030000000,0001H00030000000,24823494,40.440059,-80.003761,1 PPG Pl,15222,33.5,False
0030L00076000000,,0030L00076000000,24804203,40.418639,-79.955497,3700 S Water St,15203,20.5,False
0031G00045000000,0031G00045000000,0031G00045000000,24400923,40.410926,-79.957077,1000 Becks Run Rd,15210,14.0,False
0001H00086000000,,0001H00086000000,24316627,40.439001,-80.002867,225 Boulevard of the Allies,15222,24.0,False
0265R00030000000,0265R00030000000,0265R00030000000,24277302,40.434391,-80.139169,400 Business Center Dr,15205,12.5,False
0192M00072000000,0192M00072000000,0192M00072000000,24208254,40.3687,-80.034657,300 Mount Lebanon Blvd,15234,16.0,False
0002F00318000000,0002F00318000000,0002F00318000000,23642067,40.438629,-79.992086,816 5th Ave,15219,10.0,False
0002H00022000000,0002H00022000000,0002H00022000000,23545462,40.438246,-79.985264,1450 5th Ave,15219,36.0,False
0152K00025000000,0152K00025000000,0152K00025000000,23113441,40.446998,-80.10708,300 Cedar Ridge Dr,15205,18.0,False
0879M0029200CU00,0879M0029200CU00,0879M00292000000,22726187,40.292393,-79.883761,607 Miller Ave,15025,6.0,False
0141E00050000000,0141E00050000000,0141E00050000000,22575432,40.381755,-80.045319,20 Cedar Blvd,15228,12.0,False
0855G00266000000,,0855G00266000000,22209029,40.448463,-79.756438,510-550 Seco Rd,15146,9.0,False
0855R00218000000,0855R00218000000,0855R00218000000,22208936,40.444496,-79.75492,9000-9018 Rico Rd,15146,9.0,False
0008H00191000000,,0008H00191000000,22107147,40.448904,-80.002585,207-209 Sandusky St,15212,18.5,False
0001H00030000000,0001H00030000000,0001H00030000000,22039064,40.439228,-80.003226,5 Ppg Pl,15222,23.0,False
0798H00010000000,,0798H00010000000,21663662,40.430118,-80.234255,400 Crown Ct,15071,10.75,False
0176H00381000000,0176H00381000000,0176H00381000000,20593029,40.438689,-79.886606,321 Pennwood Ave,15221,17.705,False
0192M00072000000,0192M00072000000,0192M00072000000,19594130,40.3687,-80.034657,300 Mt Lebanon Blvd,15234,14.0,False
0307E00014000000,,0307E00014000000,19577529,40.350916,-79.863627,324-340 Fifth Ave,15132,11.0,False
0335M00037000000,0335M00037000000,0335M00037000000,19219508,40.447312,-80.150928,500 Mosites Way,15205,19.0,False
0335H00100000000,0335H00100000000,0335H00025000000,19219409,40.447742,-80.152013,400 Mosites Way,15205,21.0,False
0052J00174000000,0052J00174000000,0052J00174000000,18582379,40.446277,-79.948625,201 S Craig St,15213,29.0,False
0107E00045000000,,0107E00045000000,18244872,40.44921,-80.097513,230 Bilmar Ave,15205,9.75,False
0030L00096000000,,0030L00096000000,17993596,40.41677,-79.95522,3840-3849 S Water St,15203,18.5,False
0307E00069000000,0307E00069000000,0307E00069000000,17804993,40.351282,-79.864882,301 5th Ave,15132,9.0,False
0857L00024000000,0857L00024000000,0857L00024000000,16829407,40.427106,-79.754701,200 James Pl,15146,26.0,False
0237G00300000001,,0237G00300000001,16775490,40.40244,-79.873894,3rd St,15104,4.0,False
0002J00199000000,0002J00199000000,0002J00199000000,16386698,40.436949,-79.999489,425 1st Ave,15219,21.0,False
0130M00028000000,,0130M00028000000,15607212,40.408967,-79.900389,700 E 8th Ave,15120,15.0,False
0389P00225000001,,0389P00225000001,15607117,40.337387,-79.974843,270-360 Curry Hollow Rd,15236,18.0,False
0027H00238000000,0027H00238000000,0027H00238000000,14311558,40.449511,-79.950158,160 N Craig St,15213,15.0,False
0103G00018000000,0103G00018000000,0103G00018000000,13076595,40.409423,-80.087179,102 Broadway St,15106,17.95,False
0061D00233000000,,0061D00233000000,12924680,40.403332,-80.000684,1301-1371 Saw Mill Run Blvd,15226,9.5,False
0098D00334000000,,0098D00334000000,12716505,40.393682,-80.035439,2961-2973 W Liberty Ave,15216,7.5,False
0857D00259000000,0857D00259000000,0857D00259000000,12638214,40.431896,-79.750562,2644 Mosside Blvd,15146,18.0,False
0555M00301000000,0555M00301000000,0554E00210000000,12140112,40.321748,-79.833366,4313 Walnut St,15132,9.25,False
0378A00400000000,,0378A00400000000,11982598,40.374063,-79.846325,31 Duquesne Blvd,15110,10.0,False
0335G00212000000,0335G00212000000,0335G00212000000,9937214,40.449588,-80.154369,200 High Tower Blvd,15205,18.75,False
0470D00160000000,0470D00160000000,0470D00160000000,9529526,40.335604,-79.935774,2000 Clairton Rd,15122,18.0,False
0394D00225000000,0394D00225000000,0394D00225000000,8930778,40.344221,-80.049465,1500 Oxford Dr,15102,24.5,False
0475B00025000000,0475B00025000000,0475B00025000000,8484146,40.334079,-80.025211,2414 Lytle Rd,15102,18.0,False
0470L00250000000,0470L00250000000,0470L00250000000,7037302,40.329638,-79.940307,500 N Lewis Run Rd,15122,19.0,False
0152K00195000000,0152K00195000000,0152K00195000000,6925129,40.449004,-80.109069,4955 Steubenville Pike,15205,18.0,False
0646H00200000000,,0646H00200000000,4472181,40.361391,-79.784914,Jacks Run Rd,15137,12.5,False
0030L00099000000,,0030L00099000000,4468737,40.417941,-79.955243,3810-3819 S Water St,15203,19.0,False
0012E00304000000,0012E00304000000,0012E00304000000,4189304,40.429068,-79.981898,1701 E Carson St,15203,10.0,False
0030L00100000000,,0030L00100000000,4040030,40.417302,-79.95572,3850-3859 S Water St,15203,22.5,False
0152H00014000000,0152H00014000000,0152H00014000000,3938285,40.449626,-80.100063,190 Bilmar Dr,15205,19.75,False
0102M00200000000,0102M00200000000,0102M00200000000,3938247,40.397979,-80.08456,1100 Washington Ave,15106,16.25,False
0451P00223000000,0451P00223000000,0451P00223000000,3938233,40.446549,-79.827587,645 Rodi Rd,15235,14.0,False
0452C00020000000,0452C00020000000,0452C00020000000,3938062,40.442981,-79.823891,701 Rodi Rd,15235,10.75,False
0451P00223000100,0451P00223000100,0451P00223000000,3938015,40.445354,-79.827196,665 Rodi Rd,15235,13.0,False
0451P00223000000,0451P00223000000,0451P00223000000,3938014,40.446493,-79.82681,655 Rodi Rd,15235,13.5,False
0017A00280000000,0017A00280000000,0017A00280000000,3937987,40.421517,-80.048817,100 Fleet St,15220,17.5,False
0017E00020000000,0017E00020000000,0017E00020000000,3937965,40.420904,-80.049322,200 Fleet St,15220,20.0,False
0017A00275000000,0017A00275000000,0017A00260000000,3937950,40.421101,-80.048309,300 Fleet St,15220,19.0,False
0001D00080000000,0001D00080000000,0001D00032000000,3937805,40.44266,-80.000956,625 Liberty Ave,15222,32.25,False
0387K00050000000,0387K00050000000,0387L00250000000,38756741,40.338064,-79.943689,3075 Clairton Rd,15122,,True
0103M00090000000,0103M00090000000,0103M00090000000,38625071,40.407722,-80.083978,510 Washington Ave,15106,,False
0334G00006000000,0334G00006000000,0334G00006000000,38477240,40.440847,-80.154119,5168 Campbells Run Rd,15205,,False
0319D00020000000,0319D00020000000,0319D00020000000,38404270,40.352736,-80.049649,1665 Washington Rd,15228,,False
0017F00300000000,0017F00300000000,0017F00300000000,38335417,40.420668,-80.044101,965 Greentree Rd,15220,,False
0196S00001000000,0196S00001000000,0196S00001000000,38306313,40.365332,-80.10186,580 Mayer St,15017,,False
0457S00018000000,0457S00018000000,0457S00018000000,38081172,40.385888,-79.819783,1610 Greensburg Pike,15137,,False
0036R00059000000,0036R00059000000,0036R00059000000,37827477,40.404847,-80.037741,2809 Banksville Rd,15216,,False
0492M00070000000,0492M00070000000,0492M00070000000,37803951,40.398319,-80.183306,25 Hastings Ave,15071,,False
0087C00091000000,0087C00091000000,0087C00091000000,37431019,40.431555,-79.923426,2242 Murray Ave,15217,,False
0239B00245000000,0239B00245000000,0239B00245000000,37426672,40.382082,-79.876658,4927 Homeville Rd,15122,,False
0102E00160000000,0102E00160000000,0102E00160000000,37408246,40.399677,-80.095581,100 Keystone Dr,15106,,False
0690K00001000000,0690K00001000000,0690K00001000000,37074365,40.435858,-80.228194,150 Imperial Industrial Park Dr,15071,,False
0203B00283000000,,0203B00283000000,36676914,40.433384,-80.127306,1401-1418 Parkway View Dr,15205,,False
0028B00081000000,0028B00081000000,0028B00081000000,36667284,40.440845,-79.959185,3518 Fifth Ave,15213,,False
0066J00006000000,0066J00006000000,0066J00008000000,36665821,40.408507,-80.082145,400 Lydia St,15106,,False
0086H00074000000,0086H00074000000,0086H00071000000,36504434,40.438357,-79.918571,6315 Forbes Ave,15217,,False
0028C00172000000,0028C00172000000,0028C00172000000,36299798,40.440883,-79.957017,209 Atwood St,15213,,False
0203A00268000000,,0203A00268000000,36299544,40.435335,-80.130367,612 Parkway View Dr,15205,,False
0545J00167000000,0545J00167000000,0545J00167000000,36181069,40.396289,-79.81244,1003-1005 Airbrake Ave,15148,,False
0177L00086000000,,0177L00086000000,36169564,40.427042,-79.886218,1705-1775 S Braddock Ave,15218,,False
0012E00294000000,,0012E00294000000,36093005,40.429032,-79.982282,1609-1611 E Carson St,15203,,False
0002B00051000000,0002B00051000000,0002B00051000000,35891806,40.441414,-79.994705,600 Grant St,15219,,False
0392B00250000000,,0392B00250000000,35877408,40.344712,-80.027105,100 Broughton Rd,15102,,False
0056E00006000000,0056E00006000000,0056A00143000000,35862330,40.413833,-79.946601,4601 Lytle St,15207,,False
0002K00174000000,0002K00174000000,0002K00174000000,35787561,40.437597,-79.995299,564 Forbes Ave,15219,,False
0012K00018000000,,0012K00018000000,35759296,40.428313,-79.976964,2012 E Carson St,15203,,False
0374F00250000000,0374F00250000000,0374F00250000000,35537371,40.410575,-79.84327,801 Ardmore Blvd,15221,,True
0002A00183000000,0002A00183000000,0002A00183000000,35415022,40.442574,-79.996671,650 Smithfield St,15222,,False
0857M00289000000,0857M00289000000,0857M00289000000,35412010,40.427026,-79.752643,2550 Mosside Blvd,15146,,False
0012K00014000000,0012K00014000000,0012K00014000000,35384283,40.428434,-79.977501,2000 E Carson St,15203,,False
0002E00160000000,0002E00160000000,0002E00160000000,35238418,40.439118,-79.997393,437 Grant St,15219,,False
0028E00019000000,,0028E00019000000,35159792,40.438701,-79.962316,Fifth & Halket St,15213,,False
0107S00300000000,0107S00300000000,0107S00300000000,35011254,40.44401,-80.083195,2250 Roswell Dr,15205,,False
0008H00185000000,0008H00185000000,0008H00185000000,34951933,40.448838,-80.003277,20 E General Robinson St,15212,,False
0001D00098000000,0001D00098000000,0001D00098000000,34900457,40.442221,-80.002305,202 6th St,15222,,False
0006M00312115400,0006M00312115400,0006M00312A15400,34442954,40.438147,-80.019935,1 Trimont Ln,15211,,False
0203B00090000000,,0203B00090000000,34221749,40.430954,-80.126861,8 Penn Center West,15276,,False
0001M00004000000,0001M00004000000,0001M00004000000,33459202,40.437943,-80.003307,227 Fort Pitt Blvd,15222,,False
0250J00032000000,0250J00032000000,0250J00032000000,33362180,40.358873,-80.029168,4136 Library Rd,15234,,False
0028B00082000000,0028B00082000000,0028B00082000000,33058872,40.44092,-79.959139,3520 Fifth Ave,15213,,False
0002F00166000000,0002F00166000000,0002F00185000000,32917544,40.439285,-79.991548,112 Washington Pl,15219,,False
0373N00282000000,0373N00282000000,0373N00282000000,32888421,40.415124,-79.847567,2400 Ardmore Blvd,15221,,False
0545P00275000000,0545P00275000000,0545P00275000000,32781261,40.394839,-79.809964,1001 Airbrake Ave,15148,,False
0264D00210000000,,0264D00210000000,32579860,40.431731,-80.132939,1001-1007 Parkway View Dr,15205,,False
0012H00030000000,0012H00030000000,0012H00030000000,32441637,40.429904,-79.969836,2403 Sidney St,15203,,False
0255N00061000000,0255N00061000000,0255N00058000000,32378558,40.357271,-80.113078,606 Washington Ave,15017,,False
0323L00003000000,,0323L00003000000,32112211,40.349449,-80.120457,100 Emerson Ln,15017,,False
0390H00025000000,0390H00025000000,0390H00025000000,31863370,40.341737,-79.9849,5239 Brownsville Rd,15236,,True
0390H00025000000,0390H00025000000,0390H00025000000,31832837,40.342374,-79.984233,5239-5255 Brownsville Rd,15236,,False
0461N00175000000,,0461N00175000000,31598818,40.347151,-79.831502,3808-3812 Oneil Blvd,15132,,False
0256L00034000000,,0256L00034000000,31559084,40.360271,-80.121845,Newbury Market Drive,15017,,True
0481P00060000000,0481P00060000000,0481P00060000000,31547170,40.328223,-80.125646,850 Boyce Rd,15017,,False
0130E00300000300,0130E00300000300,0130A00030000000,31390165,40.412407,-79.912781,285 E Waterfront Dr,15120,,False
0571N00010000000,0571N00010000000,0571N00010000000,31381291,40.319285,-80.11511,2600 Boyce Plaza Rd,15241,,False
0012S00308000000,0012S00308000000,0012S00308000000,31280756,40.425752,-79.969951,2516 Jane St,15203,,False
0323G00004000000,0323G00004000000,0323G00004000000,31250839,40.351727,-80.123768,44 Abele Rd,15017,,False
0039H00150000000,0039H00150000000,0039H00150000000,31249784,40.429719,-80.052089,2121 Noblestown Rd,15205,,False
0130E00050000000,0130E00050000000,0130E00050000000,31159588,40.41151,-79.914632,205 E Waterfront Dr,15120,,False
0099A00048000A00,0099A00048000A00,0099A00048000A00,31048935,40.3935,-80.063713,1910 Cochran Rd,15220,,False
0320N00035000000,0320N00035000000,0320N00035000000,30818740,40.346709,-80.08322,1580 McLaughlin Run Rd,15241,,False
0799P00130000000,,0799P00130000000,30134573,40.433419,-80.242788,"1400 International Dr, Oakdale, PA 15071",15071,,False
0799R00110000000,,0799R00110000000,30134571,40.434201,-80.240607,"1500 International Dr, Oakdale, PA 15071",15071,,False
0799R00120000000,,0799R00120000000,30079725,40.432908,-80.24076,1200 International Drive - Building 1,15071,,False
0141F00032000000,0141F00032000000,0141F00021000000,29742081,40.381335,-80.044927,650 Washington Rd,15228,,False
0255C00001000000,0255C00001000000,0255C00001000000,29461727,40.364458,-80.103424,540 Mayer St,15017,,False
0086L00035000000,,0086L00035000000,29253355,40.437748,-79.922266,5816 Forbes Ave,15217,,False
0743H00312000000,0743H00312000000,0743H00312000000,29178974,40.439065,-79.769853,4099 William Penn Hwy,15146,,False
0265K00322000000,,0265K00322000000,29069756,40.438472,-80.140184,610 McMichael Rd,15205,,False
0008K00022000000,,0008K00022000000,28307547,40.446051,-80.008904,271 N Shore Dr,15212,,False
0335L00085000000,0335L00085000000,0335L00085000000,28101312,40.446788,-80.154142,5490 Campbells Run Rd,15205,,False
,,,28068885,40.318592,-80.11012,2585 Maple Ln,15241,,True
0203A00268000000,,0203A00268000000,27538763,40.43509,-80.13048,600-611 Parkway View Dr,15205,,False
0335L00086000000,0335L00086000000,0335L00086000000,27398357,40.447437,-80.15666,5400 Campbells Run Rd,15205,,False
0001D00259000A00,0001D00259000A00,0001D00259000000,27214143,40.440909,-79.999532,301 5th Ave,15222,,False
0264F00027000000,,0264F00027000000,27122159,40.431279,-80.144614,100 Merchant Ln,15205,,False
0064P00170000A00,0064P00170000A00,0064P00170000A00,26567608,40.394854,-80.061158,151 Roessler Rd,15220,,False
1010C00178000000,1010C00178000000,1010C00178000000,26066529,40.286918,-80.021702,4120 Brownsville Rd,15129,,False
0196H00028000000,0196H00028000000,0196H00028000000,25410637,40.372556,-80.100646,1225 Washington Pike,15017,,False
0470J00034000000,0470J00034000000,0470J00034000000,25254845,40.329578,-79.948395,491 E Bruceton Rd,15236,,False
0472C00160000000,0472C00160000000,0472C00155000000,25253795,40.335825,-79.97185,275 Curry Hollow Rd,15236,,False
0264D00202000000,,0264D00202000000,25049745,40.433086,-80.133588,1200-1207 Parkway View Dr,15205,,False
0179A00001000000,,0179A00001000000,24859904,40.410358,-79.896306,881 E Waterfront Drive,15120,,False
0009P00050000200,0009P00050000200,0009P00050000000,24698757,40.444417,-79.994215,1001 Liberty Ave,15222,,False
0001H0037000CU00,0001H0037000CU00,0001H0037000AU00,24589212,40.438925,-80.001327,304 Wood St,15222,,False
0103M00334000000,0103M00334000000,0103M00334000000,24416346,40.407951,-80.08555,146-150 E Main St,15106,,False
0464K00100000000,0464K00100000000,0464E00235000000,24284828,40.329785,-79.845478,200 28th St,15132,,False
0394H00085000000,0394H00085000000,0394H00085000000,23779858,40.341008,-80.051978,110 Fort Couch Rd,15241,,False
0009G00170000000,,0009G00170000000,23697480,40.448706,-79.990425,116 15th St,15222,,False
0001D00125000000,0001D00125000000,0001D00125000000,23281619,40.441531,-80.002822,100 5th Ave,15222,,False
1244L00372000000,,1244L00372000000,22320071,40.427532,-79.707943,5030-5070 William Penn Hwy,15146,,False
0192L00024000000,0192L00024000000,0192M00050000000,22311236,40.369267,-80.035808,305 Mt Lebanon Blvd,15234,,False
0002J00144000000,0002J00144000000,0002J00144000000,22096599,40.437238,-79.997709,510 3rd Ave,15219,,False
0143S00152000000,0143S00152000000,0143S00152000000,21874345,40.374611,-80.070091,1145 Bower Hill Rd,15243,,False
0266N00216000000,,0266N00216000000,21767348,40.443913,-80.146223,6080-6111 Steubenville Pike,15136,,False
0012F00125000000,0012F00125000000,0012F00125000000,21711476,40.428791,-79.978199,1923 E Carson St,15203,,False
0100H00202000000,0100H00202000000,0100G00201000000,21360850,40.390364,-80.071138,2101 Greentree Rd,15220,,False
0743J00246000000,0743J00246000000,0743J00246000000,21188717,40.437563,-79.78099,3824 Northern Pike,15146,,False
0319M00280000000,,0319M00280000000,21188051,40.349195,-80.051383,1699 Washington Rd,15228,,False
0141B00161000000,0141B00161000000,0141B00161000000,20693874,40.383055,-80.043599,603 Washington Rd,15228,,False
0335H00100000000,,0335H00100000000,20658435,40.448404,-80.152933,300 Mosites Way,15205,,True
0099B00009000000,0099B00009000000,0099B00009000000,20017702,40.393613,-80.062157,110 Roessler Rd,15220,,False
0250C00096000C00,0250C00096000C00,0250C00096000C00,19886732,40.363903,-80.022619,3757 Library Rd,15234,,False
0009N00080000400,0009N00080000400,0009N00080000200,19886731,40.443465,-79.998881,808 Penn Ave,15222,,False
0009K00275000000,0009K00275000000,0009K00275000000,19801020,40.44816,-79.992969,1251 Waterfront Pl,15222,,False
0335H00050000000,,0335H00050000000,19219533,40.4491,-80.150572,600 Mosites Way,15205,,True
0245M00150000000,0245M00150000000,0245M00150000000,19053224,40.358325,-79.937043,1200 Lebanon Rd,15122,,False
0001G00141000000,,0001G00141000000,18114267,40.439476,-80.005711,60 Boulevard of the Allies,15222,,False
0571K00200000000,0571K00200000000,0571P00005000000,18002858,40.318837,-80.111174,1121 Boyce Rd,15241,,False
0102B00287000000,0102B00287000000,0102B00287000000,17428239,40.40446,-80.092424,1 Veterans Way,15106,,False
0002J00104000000,0002J00104000000,0002J00104000000,17178124,40.438043,-79.998638,301 Grant St,15219,,False
0392F00135000000,,0392F00135000000,16050488,40.342634,-80.027203,4950-5002 Library Rd,15102,,False
0856E00040000000,,0856E00040000000,15547887,40.439718,-79.761814,4201-4221 William Penn Hwy,15146,,False
0028N00315000000,0028N00315000000,0028N00315000000,14986128,40.433376,-79.964729,709 Technology Dr,15219,,False
0009G00115000000,0009G00115000000,0009G00115000000,14630121,40.447833,-79.988397,1400-1520 Penn Ave,15222,,False
0009L00070000000,0009L00070000000,0009L00070000000,14630111,40.446318,-79.990899,1200-1350 Penn Ave,15222,,False
0335D00250000000,0335D00250000000,0335D00250000000,14542586,40.448778,-80.154341,100 High Tower Blvd,15205,,False
0319H00190000000,0319H00190000000,0319H00190000001,14479871,40.350659,-80.052458,1700 N Highland Rd,15241,,False
0017F00320000000,0017F00320000000,0017F00320000000,9339675,40.420391,-80.045016,969 Greentree Rd,15220,,False
0002A00199000000,0002A00199000000,0002A00199000000,8383906,40.442719,-79.995829,421 Seventh Ave,15219,,False
0008F00118000000,0008F00118000000,0008F00118000000,6314387,40.448939,-80.00867,503 Martindale St,15212,,False
0323G00004000000,0323G00004000000,0323G00004000000,6313756,40.351727,-80.123768,44 Abele Rd,15017,,False
0855K00234000000,0855K00234000000,0855K00234000000,4817391,40.446617,-79.760321,339 Old Haymaker Rd,15146,,False
0008K00015000000,,0008K00015000000,4430961,40.446369,-80.01067,316-330 N Shore Dr,15212,,False
0038B00120000000,0038B00120000000,0038B00120000000,4430605,40.422205,-80.060732,651 Holiday Dr,15220,,False
0542K00015000000,,0542K00015000000,4428116,40.428625,-79.811406,201 Penn Center Blvd,15235,,False
0002E00225000000,0002E00225000000,0002E00225000000,4390157,40.43961,-79.99572,500 Grant St,15219,,False
0001M00018000000,,0001M00018000000,4282010,40.437384,-80.001742,Fort Pitt Blvd,15222,,False
0375M00092000000,,0375M00092000000,4225328,40.398494,-79.834946,700 Braddock Ave,15145,,False
0307E00116000000,0307E00116000000,0307J00295000000,4080900,40.351474,-79.862645,400-410 Lysle Blvd,15132,,False
0249M00100000000,0249M00100000000,0249M00100000000,4029118,40.359328,-80.001118,5301 Grove Rd,15236,,False
0007F00058000000,,0007F00058000000,3937914,40.449256,-80.027219,1501 Reedsdale St,15233,,False
0373N00160000000,,0373N00160000000,15516615,40.416068,-79.848725,2324-2372 Ardmore Blvd,15221,10.0,False
0567K00028000000,0567K00028000000,0567K00028000000,38306315,40.321029,-80.044131,5425 Enterprise Blvd,15102,20.0,False
0639L00024000000,,0639L00024000000,38224933,40.426664,-79.787914,2526 Monroeville Blvd,15146,13.0,False
,,,37710352,40.43713,-80.0261,342-346 Shaler St,15211,0.28,True
0649P00008000000,0649P00008000000,0649P00008000000,37233013,40.326218,-79.795609,2430 Lincoln Way,15131,8.18,False
,,,37108061,40.43763,-79.97898,1911 Forbes Ave,15219,3.38,True
0547M00092000000,0547M00092000000,0547M00092000000,36837601,40.378407,-79.803138,1101 Lincoln Hwy,15137,10.0,False
0799D00006000000,,0799D00006000000,36800730,40.442024,-80.235173,100 Imperial Plaza Dr,15071,12.0,False
0175L00204000000,,0175L00204000000,36431035,40.446496,-79.889309,333-335 Meade St,15221,8.0,False
0314F00300000000,0314F00300000000,0314F00300000000,35997937,40.351317,-79.977822,4800 Clairton Blvd,15236,10.0,False
1001K00275000000,,1001K00275000000,35769491,40.28174,-79.875296,760 Atlantic Avenue,15037,0.83,True
1133J00332000000,,1133J00332000000,35653265,40.27218,-79.898375,808 6th St,15088,3.6,False
0476R00306000000,0476R00306000000,0476R00305000000,35605086,40.327824,-80.038804,2884 Industrial Blvd,15102,,False
0885E00130000000,0885E00130000000,0885E00130000000,35151315,40.293518,-79.99724,2550 Brownsville Rd,15129,18.0,False
0455P00072000000,,0455P00072000000,35125383,40.404597,-79.825854,900-904 Penn Ave,15145,7.5,False
0203L00180000000,0203L00180000000,0203L00180000000,34834450,40.427713,-80.123897,1 Penn Center Blvd,15276,26.25,False
0313M00050000000,0313M00050000000,0313M00050000000,34492069,40.350152,-79.950885,540 Delwar Rd,15236,16.0,False
0102J00290000000,0102J00290000000,0102J00185000000,34213649,40.398907,-80.097113,1000 Gregg St,15106,5.5,False
0648A00190000000,,0648A00190000000,33742151,40.344905,-79.79718,3025 Jacks Run Rd,15131,10.0,False
0130B00276000000,0130B00276000000,0130B00276000000,32159297,40.413598,-79.910023,395 E Waterfront Dr,15120,20.0,False
0255J00243000000,0255J00243000000,0255J00243000000,31866138,40.35842,-80.112539,500 Washington Ave,15017,41.0,False
0763P00215000000,0763P00215000000,0763P00215000000,31546930,40.297841,-79.875653,265 State St,15025,18.0,False
0236R00245000000,,0236R00245000000,31182905,40.405926,-79.873449,200 Braddock Ave,15104,1.52,True
1244L00372000000,1244L00372000000,1244L00140000000,29595594,40.426786,-79.707867,5070 William Penn Hwy,15146,10.0,False
0176H00038000000,,0176H00038000000,29503561,40.440638,-79.884664,734-736 Franklin Ave,15221,3.72,False
0012F00186000000,,0012F00186000000,29098153,40.430027,-79.976798,2000 Wharton St,15203,11.0,False
1133J00253000000,,1133J00253000000,26298398,40.272099,-79.897844,"800 Fifth Street, West Elizabeth, PA 15088",15037,10.0,False
0799D00002000000,0799D00002000000,0799D00002000000,26097682,40.441553,-80.233982,7958 Steubenville Pike,15126,8.0,False
0558K00075000000,,0558K00075000000,17513452,40.31894,-79.893365,Alleghany Ave,15045,3.0,False
0088F00012000000,,0088F00012000000,13616143,40.419344,-79.927889,826-830 Hazelwood Ave,15217,10.0,False
0001R00020000000,,0001R00020000000,6539808,40.433848,-80.004321,124 W Station Square Dr,15219,35.0,False
0139A00187000000,0139A00187000000,0139A00187000000,38870109,40.383091,-80.013911,415 McNeilly Rd,15226,,False
0002J00113000000,0002J00113000000,0002J00113000000,38642733,40.437599,-79.998994,453 Blvd of the Allies,15219,,False
,,,38608098,40.40437,-80.039279,2843 Banksville Road,15216,,True
0855G00268000000,0855G00268000000,0855G00268000000,38492209,40.449215,-79.756481,2500 Eldo Rd,15146,,False
0397E00001000000,0397E00001000000,0397E00001000000,38492143,40.342216,-80.112389,500 Bursca Dr,15017,,False
0393A00150000000,0393A00150000000,0393A00150000000,38391867,40.344524,-80.048206,1700 Oxford Dr,15102,,False
1569L00195000000,1569L00195000000,1569L00195000000,38319788,40.24273,-79.807189,2101 Douglas Run Rd,15083,,False
0142H00052000000,0142H00052000000,0142H00052000000,37184005,40.380653,-80.052838,301 Cochran Rd,15228,,True
0335E00065000000,0335E00065000000,0335E00065000000,37151246,40.448952,-80.164604,2 Robinson Plz,15205,,False
0006A00125000000,,0006A00125000000,36232327,40.441782,-80.031988,317-325 S Main St,15220,,False
1315S00006000000,1315S00006000000,1315S00006000000,35862362,40.443182,-80.300695,200 Solar Dr,15126,,False
0252S00125000000,,0252S00125000000,35405406,40.356996,-80.051847,1500- Washington Rd,15228,,False
0189S00183000000,,0189S00183000000,34614075,40.365582,-79.98336,4031-4190 Brownsville Rd,15227,,False
0087G00064000000,,0087G00064000000,34424327,40.428661,-79.924099,2621-2731 Murray Ave,15217,,False
0319M00300000000,,0319M00300000000,33851394,40.346297,-80.050822,2600-6000 Oxford Dr,15102,,False
0178C00200000000,0178C00200000000,0178C00200000000,33741002,40.421495,-79.889503,7400-7406 Church St,15218,,False
0645G00340000000,0645G00340000000,0645H00371000000,33506551,40.37113,-79.785424,1701 Lincoln Hwy,15137,,False
0003S00244000000,0003S00244000000,0003S00244000000,33434111,40.425824,-79.98395,1400 Breed St,15203,,False
0029J00220000000,,0029J00220000000,33251531,40.426682,-79.962003,2950 S Water St,15203,,False
0130C00125000000,,0130C00125000000,33232741,40.411782,-79.905346,100-148 W Bridge St,15120,,False
0030A00283000000,0030A00283000000,0030A00283000000,32879381,40.422744,-79.964317,3030 Jane St,15203,,False
0378B00084000000,,0378B00084000000,31886478,40.369357,-79.839053,S Linden St,15110,,True
0323L00003000000,,0323L00003000000,31219946,40.349449,-80.120457,100 Emerson Ln,15017,,False
0552J00100000000,,0552J00100000000,30995487,40.330722,-79.814462,0 Long Road run,15131,,True
0175K00073000000,0175K00073000000,0175K00071000000,30649110,40.446928,-79.894169,7619 Penn Ave,15221,,False
0690F0000900T100,0690F0000900T100,0690N00040000000,30634046,40.438342,-80.229438,370 Imperial Industrial Park Dr,15071,,True
0653K00060000000,0653K00060000000,0653K00060000000,29860297,40.310176,-79.825588,5700 Smithfield St,15135,,False
0743S00315000000,0743S00315000000,0743S00315000000,29341280,40.436264,-79.767939,4075 Monroeville Blvd,15146,,False
0089M00050000000,,0089M00050000000,28986661,40.408589,-79.916312,137 W Bridge St,15120,,False
1175N00005000000,1175N00005000000,1175N00005000000,28806124,40.44758,-80.30236,155 Solar Dr,15126,,True
0799D00013000000,,0799D00013000000,28449046,40.442855,-80.235953,400-650 Penn Lincoln Dr,15126,,False
0029N00189000000,,0029N00189000000,26930237,40.42605,-79.965783,2800 E Carson St,15203,,True
0325N00004000000,0325N00004000000,0325N00004000000,26564779,40.347233,-80.165985,3 Nicholson Dr,15031,,False
0239D00025000000,0239D00025000000,0239D00025000000,24965739,40.383867,-79.868802,1300-1800 Hoffman Blvd,15122,,False
0002E00077000001,,0002E00077000001,24410154,40.438828,-79.999133,400-416 Smithfield St,15219,,False
0102M00180000000,0102M00180000000,0102M00175000000,18895789,40.397042,-80.085126,1160 Washington Ave,15106,,False
0012M00036000000,0012M00036000000,0012M00330000200,17029459,40.42742,-79.966991,2600 E Carson St,15203,,False
0375H00005000000,,0375H00005000000,4225327,40.40018,-79.832974,500-698 Braddock Ave,15112,,False
0412F00010000000,,0412F00010000000,4091475,40.448415,-80.18013,211-225 Summit Park Dr,15275,,False
,,,36771502,40.406554,-79.865992,539 Corey Ave,15104,6.0,False
0015K00020000000,,0015K00020000000,34714994,40.416086,-80.01086,620 W Warrington Ave,15226,13.4,False
0056E00014000000,,0056E00014000000,35337355,40.414414,-79.949202,4612 Lytle St,15207,,False
0143S00208000000,0143S00208000000,0143S00208000000,11372251,40.375809,-80.067855,1099 Bower Hill Rd,15243,,False
0591M00203000000,0591M00203000000,0591M00203000000,29694229,40.454976,-80.204476,112 Technology Dr,15275,,False
0084M00216000000,0084M00216000000,0084M00216000000,4413246,40.457043,-79.917183,6425 Living Pl,15206,,False
0592S00392000000,0592S00392000000,0592S00392000000,3938158,40.463684,-80.204217,173 Industry Dr,15275,,False
0051K00251000000,0051K00251000000,0051K00251000000,27116652,40.455325,-79.944999,5001 Baum Blvd,15213,,False
0698D00225000000,0698D00225000000,0698D00225000000,18092541,40.521096,-80.220155,5920-5990 University Blvd,15108,,False
0048P00215000000,0048P00215000000,0048P00215000000,38820580,40.464336,-79.976941,800 Waterfront Dr,15222,19.0,False
0719J00341000000,0719J00341000000,0719J00341000000,38703827,40.562488,-79.966164,3996 Mt Royal Blvd,15101,17.91,False
1077N00349000000,1077N00349000000,1077N00349000000,38671769,40.59063,-79.94676,2879 Wildwood Road Ext,15101,19.0,False
0080K00281000000,0080K00281000000,0080K00277000000,38634411,40.47539,-79.957849,4745 Butler St,15201,20.86,False
0500A00050000B00,0500A00050000B00,0500A00050000B00,38520291,40.479773,-80.199601,125 Hookstown Grade Rd,15108,8.15,False
1077J00162000000,1077J00162000000,1077J00167000000,38410554,40.593578,-79.946594,4706 Route 8,15101,18.0,False
0007D00171000000,0007D00171000000,0007D00171000000,38320303,40.451614,-80.016988,913-915 Western Ave,15233,22.0,False
1348L00190000000,,1348L00190000000,38199199,40.611722,-80.05601,103 N Meadows Dr,15090,13.0,False
1998D00007000000,1998D00007000000,1998D00007000000,38181591,40.656045,-80.084313,357 Northgate Dr,15086,14.0,False
1519P00260000000,1519P00260000000,1519P00260000000,38087429,40.619474,-79.725939,1600 Pacific Ave,15065,12.775,False
0084E00078000000,0084E00078000000,0084E00078000000,38082317,40.459258,-79.931217,5777 Baum Blvd,15206,20.0,False
0291N00006000000,0291N00006000000,0291N00006000000,38066461,40.502992,-79.865227,207 Sigma Dr,15238,17.0,False
0517P00106000000,,0517P00106000000,38058416,40.542292,-80.027866,3471-3475 Babcock Blvd,15237,24.0,False
0280J00376000000,0280J00376000000,0280J00360000000,38007273,40.514274,-80.030767,101 Bellevue Rd,15229,19.5,False
0025G00195000000,0025G00195000000,0025G00195000000,37990996,40.458936,-79.972157,3014 Penn Ave,15201,11.6,False
0084J00278000000,0084J00278000000,0084J00278000000,37930744,40.456894,-79.929399,5850 Ellsworth Ave,15232,27.27,False
1824H00021000000,1824H00021000000,1824H00021000000,37897138,40.643036,-80.06858,105 Bradford Rd,15090,22.0,False
1658F00003000000,1658F00003000000,1658F00003000000,37894221,40.634941,-80.059711,12300 PERRY Hwy,15090,22.0,False
1825J00026000000,1825J00026000000,1825J00026000000,37868926,40.64174,-80.064327,5000 Stonewood Dr,15090,24.0,False
1825E00036000000,1825E00036000000,1825E00036000000,37866277,40.642468,-80.065627,1000 Stonewood Dr,15090,22.0,False
2181S00007000000,2181S00007000000,2181S00007000000,37837903,40.657278,-80.08411,380 Northgate Dr,15086,15.0,False
0591S00109000000,0591S00109000000,0591S00109000000,37820147,40.455181,-80.201026,115 Technology Dr,15275,20.0,False
1346R00127000000,1346R00127000000,1346R00127000000,37786314,40.609608,-80.088776,2000 Corporate Dr,15090,18.0,False
1241J00247000000,1241J00247000000,1241J00247000000,37785365,40.455665,-79.715694,772 Pine Valley Dr,15239,8.5,False
0719E00218000000,0719E00218000000,0719E00221000000,37739964,40.565188,-79.963878,4068 Mt Royal Blvd,15101,19.8,False
1825J00022000000,1825J00022000000,1825J00022000000,37707395,40.64068,-80.064473,7000 Stonewood Dr,15090,21.0,False
0118G00150000000,0118G00150000000,0118G00149000000,37704788,40.488623,-79.972077,820 Evergreen Ave,15209,28.75,False
0596K00005061100,0596K00005061100,0596K00005000000,37620957,40.504193,-80.210645,600 Commerce Dr,15108,13.68,False
0050J00105000000,0050J00105000000,0050J00105000000,37615753,40.465233,-79.946654,4736 Penn Ave,15224,19.5,False
0516D00004000000,0516D00004000000,0516D00004000000,37538109,40.549521,-80.037287,7703 Perry Hwy,15237,14.0,False
1508N00246000000,1508N00246000000,1508N00246000000,37523818,40.61909,-79.913059,4388 Gibsonia Rd,15044,10.0,False
0025L00032000000,,0025L00032000000,37294542,40.456756,-79.973695,2828-2840 Liberty Ave,15222,25.0,False
0421B00118000001,0421B00118000001,0421B00118000001,37149473,40.53992,-80.17898,529 Beaver St,15143,10.5,False
1679E00223000000,1679E00223000000,1679E00223000000,37141278,40.634413,-79.714138,2615 Freeport Rd,15065,14.0,False
0342A00121000000,,0342A00121000000,37068395,40.51915,-80.162948,1001 3rd Ave,15108,8.74,False
1240R00251000000,,1240R00251000000,36787118,40.462478,-79.706567,902-932 Presque Is,15239,20.0,False
0627N00070000000,0627N00070000000,0627N00063000000,36787001,40.541034,-79.798815,1500 Pittsburgh St,15024,7.5,False
1348F00005000000,1348F00005000000,1348F00005000000,36786559,40.61406,-80.061745,6200 Brooktree Rd,15090,20.0,False
1348F00004000000,1348F00004000000,1348F00004000000,36786558,40.613529,-80.061835,6400 Brooktree Ct,15090,20.0,False
0051P00178000000,0051P00178000000,0051P00178000000,36758617,40.454208,-79.943585,5020 Centre Ave,15213,32.760000000000005,False
0741G00042000000,0741G00042000000,0741G00042000000,36735480,40.460192,-79.77045,460-470 Old Frankstown Rd,15146,12.0,False
0025G00007000000,0025G00007000000,0025G00011000000,36726190,40.459548,-79.973931,2949 Smallman St,15201,9.0,False
0048K00330000000,0048K00330000000,0048K00330000000,36298564,40.465099,-79.977217,700 Waterfront Dr,15222,12.0,False
0517J00267000000,0517J00267000000,0517J00267000000,36095514,40.543062,-80.028883,5439 Babcock Blvd,15237,18.0,False
0084C00260000000,,0084C00260000000,35847152,40.462251,-79.923193,6023-6033 Broad St,15206,19.25,False
0119R00016000000,0119R00016000000,0119R00016000000,35702196,40.483216,-79.955966,12-28 McCandless Ave,15201,14.0,False
1205D00319000000,1205D00319000000,1205D00319000000,35493472,40.60827,-80.053235,10475 Perry Hwy,15090,19.0,False
1348C00004000000,1348C00004000000,1348C00004000000,35379652,40.615637,-80.054457,10810 Perry Hwy,15090,1.84,True
0944R00023000000,0944R00023000000,0944R00023000000,35360501,40.580664,-80.037213,9576 Perry Hwy,15237,20.0,False
0431F00287000000,0431F00287000000,0431F00287000000,35041977,40.536917,-80.008995,2003 Cheryl Dr,15237,9.0,False
0825M00356000000,0825M00356000000,0825M00356000000,34896430,40.57261,-80.036467,9120 Perry Hwy,15237,13.71,False
0125F00249000000,0125F00249000000,0125F00249000000,34807131,40.458371,-79.907894,6960 5th Ave,15208,2.94,True
0168J00286000000,0168J00286000000,0168J00286000000,34790028,40.494892,-79.931003,1045 N Canal St,15215,14.5,False
0049N00294000000,0049N00294000000,0049N00294000000,34716242,40.463545,-79.963086,3649 Mintwood St,15201,28.75,False
0084C00160000000,0084C00160000000,0084C00160000000,34657811,40.461309,-79.923379,6101 Penn Ave,15206,26.369999999999997,False
0949H00066000000,,0949H00066000000,34646486,40.584806,-79.951035,4485 William Flynn Hwy,15101,18.0,False
0051P00070000000,0051P00070000000,0051P00070000000,34552864,40.454448,-79.944874,282 Morewood Ave,15213,18.335,False
1077J00209000000,,1077J00209000000,34479435,40.592405,-79.947716,4678 William Flynn Hwy,15101,29.5,False
0352G00274000000,0352G00274000000,0352G00274000000,33994973,40.526192,-80.005072,4814-4818 Mcknight Rd,15237,35.0,False
1346R00129000000,1346R00129000000,1346R00129000000,33919154,40.610236,-80.087623,2400 Corporate Dr,15090,19.0,False
1348G00012000000,1348G00012000000,1348G00012000000,33909684,40.615329,-80.057903,2500 Brooktree Rd,15090,19.5,False
0083P00165000000,0083P00165000000,0083P00165000000,33585955,40.46369,-79.92683,224 N Euclid Ave,15206,28.0,False
0027D00253000000,0027D00253000000,0027D00308000000,33583429,40.452224,-79.950111,4638 Centre Ave,15213,21.5,False
0175A00122000000,,0175A00122000000,33565521,40.450921,-79.897148,400 N Lexington St,15208,18.75,False
0213B00040000000,0213B00040000000,0213B00040000000,33432025,40.50994,-80.09269,8100 Ohio River Blvd,15202,12.0,False
0228C00144000000,0228C00144000000,0228C00144000000,33380357,40.489786,-79.871151,1388 Freeport Rd,15238,16.5,False
0596F00160000000,0596F00160000000,0596F00160000000,32996880,40.508871,-80.211838,960 Beaver Grade Rd,15108,15.0,False
0450C00400000000,,0450C00400000000,32579715,40.462579,-79.82713,230 Rodi & Frankstown Rd,15215,16.0,False
1240S00340000000,1240S00340000000,1240S00340000000,32407826,40.462921,-79.704265,100 Sandune Dr,15239,12.0,False
0448C00196000000,0448C00196000000,0448C00196000000,32113322,40.480701,-79.822943,12827 Frankstown Rd,15235,8.175,False
0052D00157000000,0052D00157000000,0052D00157000000,31658409,40.451063,-79.935038,730 Copeland St,15232,34.56,False
0048S00204000000,0048S00204000000,0048S00204000000,31419518,40.462666,-79.96768,3345 Penn Ave,15201,18.0,False
1348G00010000000,1348G00010000000,1348G00010000000,31113845,40.614538,-80.05837,9500 Brooktree Rd,15090,22.0,False
1348F00012000000,1348F00012000000,1348F00012000000,31113842,40.614409,-80.060314,6500 Brooktree Rd,15090,20.0,False
1348F00013000000,1348F00013000000,1348F00013000000,31113839,40.614384,-80.059817,7500 Brooktree Rd,15090,22.5,False
1348F00010000000,1348F00010000000,1348F00010000000,31113838,40.615147,-80.059586,4500 Brooktree Rd,15090,22.0,False
1348C00001000000,1348C00001000000,1348C00001000000,31113835,40.616193,-80.057475,1000 Brooktree Rd,15090,19.5,False
1508R00001000000,1508R00001000000,1508R00001000000,31093856,40.62063,-79.906605,1628 Middle Road Ext,15044,10.0,False
1346R00255000000,1346R00255000000,1346R00255000000,31012727,40.609874,-80.090602,2559A Brandt School Rd,15090,22.9,False
1665C00196000000,1665C00196000000,1665C00202000000,30858712,40.636425,-79.942311,5600 William Flynn Hwy,15044,27.0,False
0292K00162000000,,0292K00162000000,30379819,40.494959,-79.859415,401-407 Freeport Rd,15238,20.0,False
0021D00028000000,0021D00028000000,0021D00043000000,30086135,40.461945,-80.03397,1700 Island Ave,15233,8.5,False
0342E00301000000,0342E00301000000,0342E00301000000,29617157,40.518443,-80.164759,938 4th Ave,15108,15.0,False
0276R00146000000,0276R00146000000,0276R00146000000,29490011,40.5122,-80.091168,82-84 Center Ave,15202,12.0,False
0228C00025000000,0228C00025000000,0228C00025000000,29403612,40.491889,-79.872086,235 Alpha Dr,15238,17.5,False
0944F00156000000,0944F00156000000,0944F00156000000,29000115,40.585266,-80.043217,9758 Perry Hwy,15090,9.0,False
0079C00324000000,0079C00324000000,0079C00324000000,28940160,40.479758,-79.970223,200 Lincoln Ave,15209,18.0,False
0079B00041000000,,0079B00041000000,28939841,40.480894,-79.97539,139-141 Howard St,15209,12.0,False
1348F00014000000,1348F00014000000,1348F00014000000,28883118,40.614675,-80.058923,8500 Brooktree Rd,15090,19.5,False
0119S00240000000,0119S00240000000,0119S00240000000,28461017,40.482876,-79.953332,5301 Butler St,15201,20.0,False
1239G00190000000,,1239G00190000000,28281999,40.479321,-79.705297,2800-2822 Golden Mile Hwy,15239,17.0,False
1499C00022000000,1499C00022000000,1499C00022000000,28002178,40.627194,-80.054776,11676 Perry Hwy,15090,15.0,False
0079B00044000000,0079B00044000000,0079B00044000000,27934191,40.480975,-79.975218,201 North Ave,15209,20.25,False
0125J00120000000,,0125J00120000000,27743392,40.456332,-79.916123,6420 Penn Ave,15206,30.0,False
1658E00011000000,1658E00011000000,1658E00011000000,27597785,40.633934,-80.06519,6031 Wallace Road Ext,15090,23.0,False
0633R00275000000,0633R00275000000,0633R00275000000,27369715,40.490992,-79.788998,400 Railroad St,15235,11.355,False
0221M00086000000,0221M00086000000,0221M00086000000,27244700,40.503846,-79.950631,35 Wilson St,15223,10.48,False
1348D00003000000,1348D00003000000,1348D00003000000,26762427,40.617468,-80.052887,150 Lake Dr,15090,19.5,False
0051E00354000000,0051E00354000000,0051E00354000000,26746349,40.460017,-79.946307,4824 Liberty Ave,15224,15.0,False
0517D00120000000,0517D00120000000,0517D00120000000,26690031,40.547774,-80.019593,101 Corbett Ct,15237,12.0,False
0025G00025000000,0025G00025000000,0025G00025000000,26287816,40.459602,-79.973151,3000 Smallman St,15201,27.5,False
0342L00340000000,,0342L00340000000,26202947,40.514577,-80.15771,1352 5th Ave,15108,16.0,False
0024N00117000000,0024N00117000000,0024N00117000000,25838682,40.454292,-79.998262,707 East St,15212,21.0,False
2371G00001000000,2371G00001000000,2371G00001000000,25255170,40.673641,-80.10632,500 Commonwealth Dr,15086,18.0,False
1240R00050000000,,1240R00050000000,25018071,40.462359,-79.704666,2340-2388 Golden Mile Hwy,15239,18.0,False
0084C00252000000,,0084C00252000000,24947198,40.462219,-79.924171,6006-6012 Broad St,15206,23.64,False
0009D00129000000,0009D00129000000,0009D00129000000,24426309,40.451972,-79.983965,2020 Smallman St,15222,25.0,False
0715H00024000000,0715H00024000000,0715H00024000000,24009496,40.56486,-80.016704,8650 Babcock Blvd,15237,16.0,False
1348R00062000000,1348R00062000000,1348S00384000000,23876794,40.609623,-80.053709,10521 Perry Hwy,15090,20.16,False
0169K00200000000,0169K00200000000,0169K00200000000,23222954,40.494663,-79.909812,307 23rd Street Ext,15215,23.0,False
1519G00180000000,,1519G00180000000,23177373,40.623829,-79.722072,1616-1710 Pacific Ave,15065,14.0,False
0049N00004000000,0049N00004000000,0049N00004000000,22953053,40.464787,-79.965969,3529 Butler St,15201,27.5,False
1240R00257000000,1240R00257000000,1240R00257000000,22571620,40.464396,-79.706549,801 Presque Isle Dr,15239,10.0,False
0009A00160000000,0009A00160000000,0009B00211000000,22440606,40.450654,-79.99513,810 River Ave,15212,24.0,False
0120N00120000000,0120N00120000000,0120N00120000000,22160496,40.483446,-79.948814,450 56th St,15201,12.0,False
1824H00023000000,1824H00023000000,1824H00023000000,21208755,40.643606,-80.069462,103 Bradford Rd,15090,23.0,False
0498E00094000000,0498E00094000000,0498E00094000000,20846949,40.459172,-80.194856,1000 Commerce Dr,15275,26.0,False
0715L00137000000,0715L00137000000,0715L00137000000,18805388,40.562688,-80.021333,5800 Corporate Dr,15237,24.75,False
1212J00127000000,,1212J00127000000,18313620,40.602431,-79.945527,4960 William Flynn Hwy,15101,17.5,False
0450B00076000000,,0450B00076000000,18044513,40.461867,-79.825026,230 Rodi Rd,15235,5.0,False
1241K00138000000,,1241K00138000000,17637449,40.457154,-79.709835,2035-2075 Golden Mile Hwy,15239,18.0,False
0533B00301000000,0533B00301000000,0533A00058000000,17388399,40.519246,-79.812897,1967 Eastern Ave,15147,6.95,False
0048K00325000000,0048K00325000000,0048K00325000000,17250445,40.465035,-79.976371,600 Waterfront Dr,15222,22.5,False
0074P00160000000,0074P00160000000,0074P00168000000,17100923,40.473872,-80.060929,50 Angelina Ave,15136,14.5,False
1212N00049000000,,1212N00049000000,17093396,40.599997,-79.946591,4848 William Flynn Hwy,15101,25.0,False
0719E00221000000,0719E00221000000,0719E00221000000,16172202,40.566192,-79.963547,4074 Mt Royal Blvd,15101,20.53,False
1241N00052000000,1241N00052000000,1241J00223000000,16135075,40.455029,-79.712892,780 Pine Valley Dr,15239,8.5,False
1824M00010000000,1824M00010000000,1824M00010000000,15557645,40.642246,-80.068326,100 Bradford Rd,15090,24.0,False
0944G00384000000,,0944G00384000000,15451158,40.586497,-80.038424,9800 Mcknight Rd,15237,15.0,False
0825S00340000000,0825S00340000000,0825S00340000000,14558469,40.570101,-80.036745,8980 Perry Hwy,15237,17.75,False
0025K00050000000,0025K00050000000,0025K00050000000,13328164,40.455599,-79.978881,211 26th St,15222,27.5,False
0025F00288000000,0025F00288000000,0025F00288000000,13145321,40.458655,-79.97717,75 Hopper Pl,15222,38.75,False
0025F00290000000,0025F00290000000,0025F00290000000,13145181,40.459144,-79.976768,2865 Railroad St,15222,37.0,False
0025C00234000000,,0025C00234000000,13059866,40.46047,-79.970959,3117-3127 Penn Ave,15201,15.0,False
0498K00126000000,0498K00126000000,0498K00126000000,12704108,40.456953,-80.191967,2000 Cliff Mine Rd,15275,18.25,False
0083P00241000000,0083P00241000000,0083P00241000000,12515494,40.463156,-79.925274,211 N Whitfield St,15206,26.5,False
0355K00310000000,,0355K00310000000,12372400,40.525824,-79.962089,1700-1730 Mt Royal Blvd,15116,12.0,False
0163C00064000000,0163C00064000000,0163C00064000000,12058197,40.499384,-80.00708,4501 Peoples Rd,15237,33.335,False
2180D00003000000,2180D00003000000,2180D00003000000,9723643,40.665603,-80.100269,100 Allegheny Dr,15086,18.5,False
,,,8893117,40.455999,-79.71391,777-785 Pine Valley Dr,15239,12.0,False
0168K00252000000,0168K00252000000,0168K00230000000,8506007,40.496302,-79.924788,1600 Marys Ave,15215,11.25,False
1824H00022000000,1824H00022000000,1824H00022000000,8457223,40.643043,-80.069103,101 Bradford Rd,15090,22.5,False
9910X00186000000,9910X00186000000,9910X00186000000,6924833,40.457599,-80.191092,1000 Cliff Mine Rd,15275,18.25,False
1679A00287000000,1679A00287000000,1679A00288000000,6418375,40.636289,-79.712777,2801 Freeport Rd,15065,16.5,False
1679E00072000000,,1679E00072000000,4222707,40.634061,-79.71321,2604-2620 Freeport Rd,15065,10.0,False
1077J00325000000,,1077J00325000000,4115979,40.593565,-79.948147,4707-4711 Route 8,15101,17.0,False
0363F00290000000,0363F00290000000,0363F00290000000,4115168,40.518175,-79.844571,521 Cedar Way,15139,14.0,False
0363K00214000000,0363K00214000000,0363K00214000000,4026390,40.515888,-79.843872,333 Allegheny Ave,15139,17.0,False
0363K00263000000,0363K00263000000,0363K00263000000,4025448,40.514431,-79.844004,215 Allegheny Ave,15139,15.5,False
0449N00348000000,0449N00348000000,0449N00348000000,3938009,40.464052,-79.829278,10 Duff Rd,15235,15.5,False
1998C00005000000,,1998C00005000000,3938005,40.65393,-80.086721,1 Williamsburg Pl,15086,15.0,False
0715L00234000000,0715L00234000000,0715L00234000000,3937818,40.564045,-80.024152,5500 Corporate Dr,15237,24.75,False
0715L00207000000,0715L00207000000,0715L00207000000,3937817,40.564043,-80.022507,5700 Corporate Dr,15237,24.75,False
0227S00100000000,,0227S00100000000,3926947,40.492372,-79.869883,230-246 Alpha Dr,15238,15.0,False
1998H00008000000,1998H00008000000,1998H00008000000,38508419,40.65348,-80.084899,16087 Perry Hwy,15086,,False
0026M00065000000,0026M00065000000,0026M00065000000,38422712,40.455434,-79.952483,450 Melwood Ave,15213,,False
0624B00050000000,0624B00050000000,0624B00050000000,38342571,40.558017,-79.82646,460 Nixon Rd,15024,,True
0080G00078000000,0080G00078000000,0080G00078000000,38306707,40.47741,-79.956839,4911 Butler St,15201,,False
0080G00078000000,0080G00078000000,0080G00077000000,38306520,40.477323,-79.95703,4907 Butler St,15201,,False
0413G00125000000,0413G00125000000,0413G00125000000,38242800,40.46036,-80.175147,1000 GSK Dr,15108,,False
0125A00269000000,0125A00269000000,0125A00269000000,38236091,40.46138,-79.914574,204 Auburn St,15206,,False
1242F00326000000,,1242F00326000000,37837146,40.450089,-79.712533,700 Plum Industrial Ct,15239,,False
1043D00010000000,,1043D00010000000,37764782,40.462136,-80.266953,755 Route 30,15126,,False
0084J00234000000,0084J00234000000,0084J00235000000,37709244,40.45667,-79.930393,5817 Ellsworth Ave,15232,,False
0521F00193000000,0521F00193000000,0521F00193000000,37585102,40.54731,-79.960173,3114 William Flynn Hwy,15101,,False
1223P00245000000,1223P00245000000,1223P00245000000,37563510,40.600709,-79.758211,100 Tripak Industries Blvd,15084,,False
0363R00099000000,0363R00099000000,0363R00099000000,37560932,40.512313,-79.837876,621 Plum St,15139,,False
0125F00128000000,0125F00128000000,0125F00128000000,37336881,40.458076,-79.910544,6601 Hamilton Ave,15206,,False
0048M00155000000,0048M00155000000,0048M00122000000,37107595,40.465846,-79.9691,31 35th St,15201,,False
1205H00363000000,1205H00363000000,1205H00363000000,36879336,40.605986,-80.051984,10431 Perry Hwy,15090,,False
0292N00294000000,0292N00294000000,0292N00294000000,36848523,40.491754,-79.863101,221 7th St,15238,,False
0431P00081000000,0431P00081000000,0431P00081000000,36735271,40.532408,-80.010291,4932 Mcknight Rd,15237,,False
0083P00384000000,0083P00384000000,0083P00384000000,36515790,40.462558,-79.927368,5807-5845 Penn Ave,15206,,False
1465G00011000000,,1465G00011000000,36430509,40.452257,-80.322182,100 Innovation Ridge,15126,,False
1212J00229000000,,1212J00229000000,36334811,40.601534,-79.947739,4873 William Flynn Hwy,15101,,False
0021E00080000000,0021E00080000000,0021E00080000000,36287045,40.457662,-80.04518,2707 W Carson St,15204,,False
0344D00016000000,0344D00016000000,0344D00016000000,36227854,40.530418,-80.133489,211 Overlook Dr,15143,,False
0634H00183000000,0634H00183000000,0634H00183000000,36198023,40.478109,-79.785327,7345 Saltsburg Rd,15235,,False
0043L00100000000,,0043L00100000000,36180433,40.465335,-80.056544,136 McKees Rocks Plz,15136,,False
0121K00075000000,0121K00075000000,0121K00075000000,35843818,40.486537,-79.926762,1800 Morningside Ave,15206,,False
0167B00150000000,,0167B00150000000,35415813,40.500636,-79.943302,550-560 Butler St,15223,,False
0634M00121000000,,0634M00121000000,35394871,40.476141,-79.784721,2820 Universal Rd,15235,,False
0699R00046000000,0699R00046000000,0699R00046000000,35278689,40.523153,-80.224942,993 Brodhead Rd,15108,,False
0275S00152000000,0275S00152000000,0275S00162000000,35218391,40.512485,-80.103472,8324 Ohio River Blvd,15202,,False
0227S00100000000,,0227S00100000000,35171442,40.492372,-79.869883,230-246 Alpha Dr,15238,,False
0025N0010100A200,0025N0010100A200,,35001087,40.455108,-79.979713,2550 Smallman St,15222,,False
1832L00009000000,1832L00009000000,1832L00009000000,34834422,40.640921,-79.937796,5670 William Flynn Hwy,15044,,False
0051P00013000G00,0051P00013000G00,0051P00013000200,34440319,40.454512,-79.944117,5051 Centre Ave,15213,,False
0498K00126000000,0498K00126000000,0498K00126000000,34245529,40.456953,-80.191967,2000 Cliff Mine Rd,15275,,False
0119S00242000000,0119S00242000000,0119S00242000000,33991764,40.481833,-79.953496,5255 Butler St,15201,,False
0212J00125000000,0212J00125000000,0212J00125000000,33970318,40.505443,-80.116317,3800 Neville Rd,15225,,False
0074F00211000000,0074F00211000000,0074F00211000000,33639625,40.477828,-80.061734,149 Nichol Ave,15136,,True
1242A00099000000,1242A00099000000,1242A00099000000,33599128,40.451228,-79.713984,1901 Golden Mile Hwy,15239,,True
0119S00240000000,0119S00240000000,0119S00240000000,33595095,40.482876,-79.953332,5301 Butler St,15201,,False
0049F00294000000,0049F00294000000,0049F00294000000,33583376,40.468964,-79.958916,4110 Davison St,15201,,False
0049F00294000000,0049F00294000000,0049F00294000000,33583162,40.46911,-79.95879,4110 Davison St,15201,,False
0692D00005000000,0692D00005000000,0692D00005000000,33282648,40.462348,-80.218759,2000 McClaren Woods Dr,15108,,False
0335B00014000000,,0335B00014000000,32174614,40.452083,-80.158878,1500 Robinson Center Dr,15205,,False
1998A00005000000,1998A00005000000,1998A00005000000,32125162,40.654549,-80.097001,100 Global View Dr,15086,,False
0009D00149000000,0009D00149000000,0009D00149000000,32083516,40.452073,-79.982991,2111 Penn Ave,15222,,False
0084G00196000000,0084G00196000000,0084G00196000000,31878790,40.458495,-79.922329,236 Shady Ave,15206,,False
0343L00136000000,0343L00136000000,0343L00136000000,31833586,40.524835,-80.155897,12 South Ave,15143,,False
0084C00055000000,,0084C00055000000,31783327,40.459833,-79.923242,6015-6217 Spirit St,15206,,False
0336R00025000000,,0336R00025000000,31511247,40.452907,-80.15772,1000 Robinson Center Dr,15205,,False
2372G00006000000,,2372G00006000000,31446953,40.673641,-80.087594,850 Cranberry Woods Dr,16066,,False
0714D00384000000,0714D00384000000,0714D00384000000,31012614,40.569875,-80.035912,125 Hillvue Ln,15237,,False
2371L00002000000,2371L00002000000,2371L00002000000,30790165,40.670521,-80.105689,161 Thorn Hill Rd,15086,,False
,,,29931534,40.458517,-80.230684,15 McClaren Rd,15108,,False
0715L00137000000,0715L00137000000,0715L00137000000,29823414,40.562688,-80.021333,5800 Corporate Dr,15237,,False
1348F00002000000,1348F00002000000,1348F00002000000,29637522,40.613575,-80.0604,7000 Brooktree Rd,15090,,False
0168K00218000000,0168K00218000000,0168K00218000000,29497291,40.495767,-79.924868,1601 Marys Ave,15215,,False
,,,29230328,40.615265,-79.900677,4431 Gibsonia Rd,15044,,False
0084B00223000000,0084B00223000000,0084B00223000000,29169515,40.460635,-79.926806,5933 Baum Blvd,15206,,False
0074G00268000000,0074G00268000000,0074G00268000000,29121200,40.476892,-80.056888,400 Graham St,15136,,False
0074F00211000000,0074F00211000000,0074B00080000000,28816496,40.481093,-80.060116,149 Nichol Ave,15136,,False
0450G00317000000,0450G00317000000,0450G00317000000,28676735,40.458345,-79.824567,1000 Integrity Dr,15235,,False
0051N00048000000,0051N00048000000,0051N00048000000,28651289,40.454507,-79.948427,4749 Baum Blvd,15213,,False
0041D00360000000,0041D00360000000,0041D00360000000,28616416,40.4519,-80.049285,1530 Chartiers Ave,15204,,False
0023N00187000000,0023N00187000000,0023N00187000000,28364793,40.45463,-80.015425,1201 Brighton Rd,15233,,False
1998A00005000000,1998A00005000000,1998A00005000000,28315246,40.654549,-80.097001,100 Global View Dr,15086,,False
0611G00105000000,0611G00105000000,0611G00105000000,27879384,40.555735,-80.037969,8150 Perry Hwy,15237,,False
0624B00050000000,0624B00050000000,0624B00050000000,27848884,40.556364,-79.825428,460 Nixon Rd,15024,,False
0165A00005000000,0165A00005000000,0165A00005000000,27801714,40.501095,-79.981406,1717 Babcock Blvd,15209,,False
0228J00150000000,0228J00150000000,0228J00150000000,27031754,40.485526,-79.882441,300 Chapel Harbor Dr,15238,,False
1348F00011000000,1348F00011000000,1348F00011000000,26679272,40.614929,-80.060186,5500 Brooktree Rd,15090,,False
0601M00387000000,,0601M00387000000,25552360,40.555631,-80.206018,Buncher Commerce Park – Youngwood,15056,,True
1212J00103000000,,1212J00103000000,24419128,40.601149,-79.946796,4906 William Flynn Hwy,15101,,False
0083N00125000100,,0083N00125000100,24418816,40.462163,-79.928691,141 South St Clair St,15206,,False
0923F00025000000,,0923F00025000000,24358959,40.507699,-80.257745,International Dr,15108,,False
0611G00067000000,0611G00067000000,0611G00067000000,22282351,40.556176,-80.038712,8162 Perry Hwy,15237,,False
0109E00197000000,0109E00197000000,0109F00091000000,22258553,40.469709,-80.094644,1800 Mckees Rocks Rd,15136,,True
0427L00240000000,0427L00240000000,0427L00240000000,21874338,40.53486,-80.07083,107 Mount Nebo Pointe Dr,15237,,False
0693F00125000000,0693F00125000000,1179L00225000000,21789178,40.467826,-80.22443,1001 Blue Sky Ln,15108,,False
0693G00100000000,0693G00100000000,1179L00225000000,21789165,40.46947,-80.224974,1000 Blue Sky Ln,15108,,False
2181A00001000000,2181A00001000000,2181A00001000000,21642614,40.664573,-80.098338,300 Allegheny Dr,15086,,False
0698H00136000000,,0698H00136000000,21589778,40.517965,-80.216254,2830-2832 Gracy Center Way,15108,,False
0110J00365000000,,0110J00365000000,19932759,40.474006,-80.097589,500- Pine Hollow Rd,15136,,False
0352C00235000000,0352C00235000000,0352C00235000000,19255318,40.52862,-80.006591,4850 McKnight Rd,15237,,False
1348L00250000000,,1348L00250000000,18854129,40.612568,-80.057399,150 N Meadows Dr,15090,,False
0924R00204000000,0924R00204000000,0924R00204000000,17993762,40.512291,-80.257567,571 Moon Clinton Rd,15108,,False
0441F00020000000,0441F00020000000,0441F00020000000,17878393,40.536505,-79.843103,2585 Freeport Rd,15238,,False
0717A00236000000,0717A00236000000,0717A00236000000,14756814,40.567348,-79.999474,1701 Duncan Ave,15101,,False
0222A00212000000,0222A00212000000,0222A00212000000,14051684,40.512036,-79.944256,880 Butler St,15223,,False
0335A00025000000,,0335A00025000000,14034025,40.454485,-80.163258,1000-1450 Park Manor Blvd,15205,,False
1506P00348000000,1506P00348000000,1506P00348000000,14033969,40.619643,-79.94743,5375 William Flynn Hwy,15044,,False
0084B00173000C00,0084B00173000C00,0084B00173000000,9895654,40.462052,-79.92746,5830 Penn Ave,15206,,False
0119S00220000000,,0119S00220000000,3938186,40.483817,-79.950689,100 55th St,15201,,False
0275S00152000000,0275S00152000000,0275S00162000000,35254255,40.512444,-80.103555,8324 Ohio River Blvd,15202,,True
0026S00169000000,,0026S00169000000,38821181,40.452511,-79.950484,4631-4653 Centre Ave,15213,28.0,False
0276C00142000000,0276C00142000000,0276C00142000000,38686948,40.518447,-80.090102,325 Camp Horne Rd,15202,25.0,False
0364K00106000000,,0364K00106000000,38579500,40.506479,-79.843618,312-314 Center Ave,15147,19.04,False
1077J00162000000,1077J00162000000,1077J00167000000,38410606,40.593578,-79.946594,4706 Route 8,15101,13.5,False
1469A00391000000,,1469A00391000000,37690689,40.491351,-80.332838,1728-1730 Route 30,15026,15.0,False
0285C00150000000,0285C00150000000,0285C00150000000,37600629,40.519509,-79.939043,1044 Saxonburg Blvd,15116,10.5,False
0733C00050000000,0733C00050000000,0733C00050000000,36963353,40.539706,-79.773625,999 Sherosky Way,15144,6.5,False
0944F00210000000,0944F00210000000,0944F00210000000,36750420,40.586196,-80.043168,30 Pine Creek Rd,15090,13.49,False
0532E00144000000,,0532E00144000000,36725194,40.527304,-79.812094,364 Route 909,15147,21.12,False
0955N00359000000,0955N00359000000,0955N00359000000,35671189,40.581422,-79.866588,928 Route 910,15024,21.5,False
1367K00048000000,1367K00048000000,1367K00048000000,34590870,40.613204,-79.743184,1000-1010 Broadview Blvd,15014,11.85,False
0595B00271000000,0595B00271000000,0595B00271000000,33622605,40.501024,-80.211114,410 Rouser Rd,15108,18.5,False
0051K00262000000,0051K00262000000,0051K00262000000,32198805,40.455258,-79.943611,5102 Baum Blvd,15224,12.0,False
0085A00042000000,,0085A00042000000,30681734,40.45142,-79.932659,5528 Walnut St,15232,20.0,False
0022S00126000000,0022S00126000000,0022S00126000000,29693898,40.453125,-80.018325,939 W North Ave,15233,14.0,False
2378H00036000000,2378H00036000000,2378H00036000000,29130333,40.672868,-79.986394,74 Dambach Ave,16059,13.0,False
2180M00001100000,2180M00001100000,2180M00001100000,28816243,40.659208,-80.100359,1000 Ericsson Dr,15086,25.5,False
0167F00232000000,,0167F00232000000,28127300,40.496735,-79.944363,3 Walnut St,15223,9.66,False
0023S00133000000,0023S00133000000,0023S00133000000,28110121,40.453375,-80.000303,505-507 E Ohio St,15212,21.0,False
1345S00010000000,,1345S00010000000,25762925,40.60919,-80.10355,2000 Georgetowne Dr,15143,26.0,False
0167M00395000000,0167M00395000000,0167M00395000000,25472878,40.494403,-79.93649,413 S Main St,15215,9.0,False
0047R00099000000,0047R00099000000,0047R00099000000,25294679,40.46303,-79.98747,1430 High St,15212,6.0,False
0051A00137000000,,0051A00137000000,25247344,40.46117,-79.94754,4765 Liberty Ave,15224,25.0,False
,,,24821416,40.463744,-80.053539,53 Bagdad,15204,0.28,True
0125J00037000000,0125J00037000000,0125J00037000000,17372361,40.455901,-79.914554,6515 Penn Ave,15206,40.0,False
0273E00255000000,0273E00255000000,0273E00255000000,15420083,40.517408,-80.148123,7500 Grand Ave,15225,15.0,False
0697L00223000000,,0697L00223000000,13415632,40.505687,-80.223602,8754 University Blvd,15108,1.76,True
0698C00255000000,0698C00255000000,0698C00255000000,12969925,40.520138,-80.223701,962 Brodhead Rd,15108,19.64,False
0160F00117000000,,0160F00117000000,11982480,40.497894,-80.059586,640-658 Lincoln Ave,15202,28.36,False
0918A00070000000,,0918A00070000000,8269322,40.460785,-80.265523,753 US Route 30 W,15126,6.35,False
0362N00114000000,0362N00114000000,0362N00114000000,6739457,40.52232,-79.846188,140 Pennsylvania Ave,15139,7.5,False
0845K00058000000,0845K00058000000,0845K00058000000,4064794,40.542922,-79.756531,130 Entrance Dr,15068,6.25,False
0292L00300000000,0292L00300000000,0292L00300000000,3938284,40.494851,-79.857239,500 Fountain St,15238,5.0,False
0429D00356000000,0429D00356000000,0429D00356000000,38626178,40.539982,-80.035972,1014 Perry Hwy,15237,,False
0704A00201000000,,0704A00201000000,38533111,40.569556,-80.222431,920 Riverside Pl,15056,,False
0213G00201000000,0213G00201000000,0213G00201000000,38520216,40.507113,-80.090294,35 Herron Ave,15202,,False
0084B00173000A00,0084B00173000A00,0084B00173000000,38490641,40.462052,-79.92746,5836 Penn Ave,15206,,False
0023L00083000000,0023L00083000000,0023L00083000000,38486047,40.455579,-80.007118,4 W North Ave,15212,,False
0352C00252000000,0352C00252000000,0352C00240000000,38433856,40.528715,-80.007036,4846 McKnight Rd,15237,,False
0049M00288000000,0049M00288000000,0049M00288000000,38189462,40.464952,-79.951908,4433 Howley St,15224,,False
0050L00306000000,0050L00306000000,0050L00306000000,38115336,40.465069,-79.938689,5231 Penn Ave,15224,,False
0601B00161000000,0601B00161000000,0601B00161000000,38009776,40.558879,-80.210572,583 Avenue B,15056,,False
0279H00320000000,0279H00320000000,0279G00001000000,37974670,40.516427,-80.038943,996 West View Park Dr,15229,,False
0529J00075000000,,0529J00075000000,37929189,40.543612,-79.830343,3190 William Pitt Way,15238,,False
0442A00096000000,0442A00096000000,0442A00096000000,37840946,40.538914,-79.832018,2825 Freeport Rd,15238,,True
0160L00092000000,0160L00092000000,0160L00092000000,37808043,40.496233,-80.057272,547 Lincoln Ave,15202,,False
,,,37704923,40.515992,-80.268378,702 Hookstown Grade Rd,15026,,True
0350S00280000000,0350S00280000000,0350S00280000000,37692385,40.521579,-80.034576,513 Perry Hwy,15229,,False
0342E00352000000,0342E00352000000,0342E00352000000,37521116,40.518225,-80.162868,1017 4th Ave,15108,,False
0049S00021000000,0049S00021000000,0049S00021000000,37046082,40.464645,-79.952806,4411 Howley St,15224,,False
0119R00016000000,0119R00016000000,0119R00016000000,36429286,40.482676,-79.955543,28 Mccandless Ave,15201,,False
0174A00172000000,0174A00172000000,0174A00187000000,36360469,40.460933,-79.896934,7109 Hermitage St,15208,,False
0226H00150000000,,0226H00150000000,36248387,40.508236,-79.867323,267-271 Kappa Dr,15238,,False
0839S00016000000,0839S00016000000,0839S00016000000,35540127,40.570457,-79.802452,2025-2031 Pittsburgh Mills Blvd,15084,,False
0175A00122000000,0175A00122000000,0175A00122000000,35346457,40.450729,-79.895761,7415 Thomas Blvd,15208,,False
1076S00080000000,,1076S00080000000,34302782,40.589643,-79.949204,4613 William Flynn Hwy,15101,,True
0369C00333000000,0369C00333000000,0369C00333000000,34244885,40.461977,-79.840368,10770 Frankstown Rd,15235,,True
0169K00200000000,0169K00200000000,0169K00200000000,33910033,40.494663,-79.909812,307 23rd Street Ext,15215,,False
1241K00221000000,1241K00221000000,1241K00221000000,33743729,40.455389,-79.711092,2005 Golden Mile Hwy,15239,,False
0084H00174000000,,0084H00174000000,33622699,40.459124,-79.917255,6343-6401 Penn Ave,15206,,False
0084C00055000000,,0084C00055000000,33296484,40.460121,-79.923468,6105 Spirit St,15206,,False
0020A00125000000,0020A00125000000,0020B00294000000,32734929,40.451642,-80.044329,286-300 Corliss St,15220,,False
0601B00101000000,,0601B00101000000,32596632,40.557686,-80.209452,13 Avenue B,15056,,False
1223S00163000000,,1223S00163000000,32031140,40.60021,-79.75257,301 E 1st Ave,15084,,False
1218D00026000000,1218D00026000000,1218D00026000000,31764369,40.608292,-79.832536,908 Little Deer Creek Valley Rd,15076,,False
0083R00350000000,0083R00350000000,0083R00350000000,30449092,40.464389,-79.924222,5913 Station St,15206,,True
0024L00130000000,0024L00130000000,0024L00130000000,29517871,40.456987,-79.987355,1080 River Ave,15212,,False
0051L00227000000,0051L00227000000,0051L00220000000,29144985,40.457061,-79.939082,5335 Baum Blvd,15224,,False
0601B00040000000,,0601B00040000000,28859702,40.55997,-80.209684,533 Avenue A,15056,,False
0024H00138000000,,0024H00138000000,27572916,40.459313,-79.98379,1500 River Ave,15212,,True
0051L00190000000,,0051L00190000000,27308873,40.457596,-79.938054,5401 Baum,15232,,True
1223G00240000000,,1223G00240000000,26393124,40.605407,-79.756291,Grandview Ave,15084,,False
0840K00050000000,,0840K00050000000,26325130,40.573503,-79.792605,100-590 Pittsburgh Mills Cir,15084,,True
0607K00124000000,,0607K00124000000,25512076,40.553047,-80.110608,1723 Mount Nebo Rd,15143,,True
0228E00130000000,,0228E00130000000,24490951,40.488351,-79.881614,1101-1155 Freeport Rd,15238,,False
0498M00025000000,,0498M00025000000,23888521,40.45687,-80.185291,1000-2000 Casteel Dr,15108,,True
0051N00145000000,0051N00145000000,0051N00145000000,23640186,40.454226,-79.947849,4764 Baum Blvd,15213,,False
0049J00089000000,0049J00089000000,0049J00089000000,21228051,40.466872,-79.96461,3725 Butler St,15201,,False
0049J00211000000,0049J00211000000,0049J00211000000,20992923,40.466181,-79.964416,3706 Butler St,15201,,False
0944L00377000000,,0944L00377000000,19531568,40.584674,-80.039674,9805 McKnight Rd,15237,,False
0022K00348000002,0022K00348000002,,17844790,40.45589,-80.02526,1546 Fulton St,15233,,False
1346F00055000000,,1346F00055000000,17040067,40.615459,-80.091265,2600-2650 Brandt School Rd,15090,,False
0365F00325000000,,0365F00325000000,16844667,40.498409,-79.844945,74-200 Allegheny River Blvd,15147,,False
2204E00290000000,,2204E00290000000,14961223,40.663675,-79.715362,Alter Rd,15065,,False
2204E00290000000,,2204E00290000000,14897933,40.66422,-79.714229,Alter Rd,15065,,True
1658F00010000000,,1658F00010000000,5863083,40.631531,-80.06005,12001-12083 Perry Hwy,15090,,False
2007M00301000000,,2007M00301000000,36631538,40.650208,-79.935935,3621 Bakerstown Rd,15044,0.76,True
